{
  "name": "A-10A Thunderbolt II",  "description": "",  "geometry": {
    "emptyWeight_lbs": 24359,    "area_ft2": 506,    "internalFuel_lbs": 10700,    "maxFuel_lbs": 10700,    "aoaMax_deg": 30,    "aoaMin_deg": -10,    "betaMax_deg": 15,    "betaMin_deg": -15,    "maxGs": 7.33,    "maxRoll_deg": 190,    "minVcas_kts": 230,    "maxVcas_kts": 500,    "cornerVcas_kts": 250,    "thetaMax_rad": 0.15707963267949,    "cgLoc_ft": 26.4,    "length_ft": 53,    "span_ft": 57.5,    "fusRadius_ft": 2,    "tailHt_ft": 9.2,    "gear": [{
        "x": 8.8,        "y": 0,        "z": 7.8,        "range": 90
      }, {
        "x": 27.84,        "y": -8.33,        "z": 8.4,        "range": 75
      }, {
        "x": 27.84,        "y": 8.33,        "z": 8.4,        "range": 75
      }
    ]
  },
  "aux": {
    "fuelFlowFactorNormal": 0.355,    "fuelFlowFactorAb": 0.355,    "minFuelFlow": 408,    "normSpoolRate": 2.2,    "abSpoolRate": 2.2,    "jfsSpoolUpRate": 15,    "jfsSpoolUpLimit": 0.25,    "lightupSpoolRate": 10,    "flameoutSpoolRate": 80,    "hasLef": true,    "hasTef": true,    "tefMaxAngle": 20,    "lefMaxAngle": 30,    "tefRate": 5,    "lefRate": 5,    "tefTakeOff": 10,    "lefGround": 0,    "lefMaxMach": 0.4,    "rudderMaxAngle": 20,    "aileronMaxAngle": 20,    "airbrakeMaxAngle": 60,    "CLtefFactor": 0.4,    "CDtefFactor": 0.1,    "CDlefFactor": 0,    "CDSPDBFactor": 0.065,    "CDLDGFactor": 0.025,    "dragChuteCd": 0,    "area2Span": 0.1136,    "rollMomentum": 1.2,    "pitchMomentum": 1.2,    "yawMomentum": 1.2,    "pitchElasticity": 1,    "sinkRate": 15,    "gearPitchFactor": 0,    "rollGearGain": 1,    "yawGearGain": 1,    "pitchGearGain": 1,    "landingAOA": 8,    "rollCouple": -0.05,    "elevatorRolls": false,    "nEngines": 2,    "typeEngine": 12
  },
  "aero": {
    "mach": [0, 0.37, 0.57, 0.69, 0.74
    ],
    "alpha_deg": [-20, -10, -5, 0, 5, 10, 15, 20, 25, 30, 35, 40
    ],
    "clift": [-0.7706, -0.5494, -0.1641, -0.09, 0.53, 0.971, 1.37, 1.6878, 1.369, 0.272, 0.205, 0.194, -0.7743, -0.5523, -0.1662, -0.09, 0.53, 0.971, 1.37, 1.687, 1.8654, 2.1233, 2.2067, 2.197, -0.859, -0.634, -0.2466, 0.02, 0.5, 0.981, 1.46, 1.7993, 1.966, 2.2229, 2.3262, 2.3223, -0.879, -0.654, -0.2646, 0, 0.48, 1.01, 1.52, 1.8308, 1.9975, 2.2544, 2.3577, 2.3538, -0.9477, -0.7227, -0.3333, -0.0687, 0.46, 1.01, 1.58, 1.8518, 2.0185, 2.2754, 2.3787, 2.3748
    ],
    "cdrag": [0.3789, 0.30405, 0.13545, 0.0756, 0.0879, 0.1458, 0.273, 0.50445, 0.68325, 1.11, 1.47945, 1.8603, 0.32325, 0.2634, 0.12855, 0.0756, 0.0879, 0.1458, 0.2793, 0.44325, 0.70215, 1.04355, 1.33905, 1.6437, 0.35325, 0.29355, 0.15225, 0.0819, 0.0858, 0.14745, 0.3129, 0.5361, 0.7962, 1.14, 1.4244, 1.7418, 0.35865, 0.29895, 0.15765, 0.084, 0.0843, 0.1533, 0.3375, 0.5625, 0.82215, 1.16595, 1.45035, 1.76775, 0.36045, 0.30075, 0.15945, 0.0855, 0.08325, 0.15225, 0.3633, 0.57825, 0.8394, 1.18335, 1.46775, 1.785
    ],
    "cy": [-0.011, -0.0109, -0.0166, -0.0182, -0.0192, -0.0187, -0.0163, -0.0176, -0.0164, -0.0158, -0.0141, -0.009, -0.011, 0.37, -0.0166, -0.0182, -0.0192, -0.0187, -0.0163, -0.0176, -0.0164, -0.0158, -0.0141, -0.009, -0.011, -0.0109, 0.57, -0.0182, -0.0192, -0.0187, -0.0163, -0.0176, -0.0164, -0.0158, -0.0141, -0.009, -0.0115, -0.0112, -0.0172, 0.69, -0.0196, -0.0196, -0.0168, -0.0178, -0.0167, -0.0161, -0.0148, -0.013, -0.012, -0.0118, -0.018, -0.0195, -0.74, -0.02, -0.0174, -0.0182, -0.0171, -0.0168, -0.0155, -0.0142
    ],
    "clFactor": 1,    "cdFactor": 0.66666,    "cyFactor": 1
  },
  "engine": {
    "thrustFactor": 1,    "fuelFlowFactor": 1,    "alt_ft": [0, 10000, 20000, 30000, 36000, 40000, 50000
    ],
    "mach": [0, 0.2, 0.4, 0.6, 0.8, 1, 1.2
    ],
    "thrust_idle": [0, -520, -1105, -1430, -2145, -2600, -3185, 0, -260, -715, -1072.5, -1462.5, -1820, -2242.5, 0, -240.5, -481, -715, -962, -1202.5, -1449.5, 0, -149.5, -292.5, -448.5, -598, -747.5, -897, 0, -104, -221, -325, -438.75, -552.5, -650, 0, -91, -178.75, -269.75, -357.5, -448.5, -542.75, 0, -52, -110.5, -146.25, -224.25, -279.5, -334.75
    ],
    "thrust_mil": [10961.34, 10475.4, 10691.33, 10961.34, 10907.33, 7800, 6500, 7559.565, 7235.54, 7343.57, 8045.505, 9179.43, 6500, 6500, 5021.699, 4805.71, 4913.701, 5345.678, 6209.625, 3250, 3250, 3239.808, 3131.811, 3185.806, 3509.785, 4049.753, 1950, 1950, 2483.852, 2375.854, 2429.856, 2645.838, 3023.82, 975, 975, 2051.875, 1943.884, 2051.875, 2159.872, 2429.856, 780, 780, 1349.92, 1295.925, 1295.925, 1349.92, 1619.904, 455, 455
    ],
    "thrust_ab": [10961.34, 10475.4, 10691.33, 10961.34, 10907.33, 7800, 6500, 7559.565, 7235.54, 7343.57, 8045.505, 9179.43, 6500, 6500, 5021.699, 4805.71, 4913.701, 5345.678, 6209.625, 3250, 3250, 3239.808, 3131.811, 3185.806, 3509.785, 4049.753, 1950, 1950, 2483.852, 2375.854, 2429.856, 2645.838, 3023.82, 975, 975, 2051.875, 1943.884, 2051.875, 2159.872, 2429.856, 780, 780, 1349.92, 1295.925, 1295.925, 1349.92, 1619.904, 455, 455
    ],
    "fuelflow_idle": [
    ],
    "fuelflow_mil": [
    ],
    "fuelflow_ab": [
    ]
  },
  "rollCmd": {
    "alpha_deg": [90, 27.84, -8.33, 8.4, 75, 27.84, 8.33
    ],
    "qbar": [75, 26.4, 53, 57.5, 2, 9.2, 5, 0
    ],
    "rollRate": [0.57, 0.69, 0.74, 12, -20, -10, -5, 0, 5, 10, 15, 20, 25, 30, 35, 40, 1, -0.7706, -0.5494, -0.1641, -0.09, 0.53, 0.971, 1.37, 1.6878, 1.369, 0.272, 0.205, 0.194, -0.7743, -0.5523, -0.1662, -0.09, 0.53, 0.971, 1.37, 1.687, 1.8654, 2.1233, 2.2067, 2.197, -0.859, -0.634, -0.2466, 0.02, 0.5, 0.981, 1.46, 1.7993, 1.966, 2.2229, 2.3262, 2.3223, -0.879, -0.654, -0.2646
    ],
    "scale": 0.37
  },
  "limiters": {
    "0": {
      "type": "Line",      "x0": 0,      "y0": 0,      "x1": 250,      "y1": -3,      "x2": 100,      "y2": 0
    },
    "1": {
      "type": "ThreePoint",      "x0": 15,      "y0": 9,      "x1": 20.4,      "y1": 7.3,      "x2": 25,      "y2": 1
    },
    "2": {
      "type": "Line",      "x0": 0,      "y0": 0,      "x1": 15,      "y1": 1,      "x2": 29,      "y2": 1
    },
    "3": {
      "type": "Line",      "x0": 0,      "y0": 0,      "x1": 14,      "y1": 1,      "x2": 26,      "y2": 0
    },
    "4": {
      "type": "Line",      "x0": 0,      "y0": 0,      "x1": 20,      "y1": 1,      "x2": 360,      "y2": 1
    },
    "5": {
      "type": "Line",      "x0": 0,      "y0": 0,      "x1": 100,      "y1": 7,      "x2": 420,      "y2": 15
    },
    "6": {
      "type": "Value",      "x0": 0,      "y0": 0,      "x1": 17,      "y1": 0,      "x2": 0,      "y2": 0
    },
    "7": {
      "type": "Percent",      "x0": 0,      "y0": 0,      "x1": 0.6,      "y1": 0,      "x2": 0,      "y2": 0
    },
    "8": {
      "type": "Line",      "x0": 0,      "y0": 0,      "x1": 3,      "y1": 1,      "x2": 15,      "y2": 0
    },
    "9": {
      "type": "Line",      "x0": 0,      "y0": 0,      "x1": 20,      "y1": 1,      "x2": 180,      "y2": 0
    },
    "10": {
      "type": "ThreePoint",      "x0": 0,      "y0": 0.3,      "x1": 15,      "y1": 0.85,      "x2": 50,      "y2": 1
    },
    "11": {
      "type": "ThreePoint",      "x0": 0,      "y0": 0.6,      "x1": 15,      "y1": 0.85,      "x2": 50,      "y2": 1
    },
    "12": {
      "type": "Value",      "x0": 0,      "y0": 0,      "x1": 20,      "y1": 0,      "x2": 0,      "y2": 0
    },
    "13": {
      "type": "ThreePoint",      "x0": 0.01,      "y0": 0.1,      "x1": 40,      "y1": 1,      "x2": 60,      "y2": 1
    },
    "14": {
      "type": "Line",      "x0": 0,      "y0": 0,      "x1": 0.9,      "y1": 0.0001,      "x2": 1,      "y2": 0.000283
    },
    "15": {
      "type": "Line",      "x0": 0,      "y0": 0,      "x1": 0,      "y1": 0,      "x2": 0,      "y2": 0
    },
    "16": {
      "type": "Value",      "x0": 0,      "y0": 0,      "x1": 1,      "y1": 0,      "x2": 0,      "y2": 0
    },
    "17": {
      "type": "Value",      "x0": 0,      "y0": 0,      "x1": 30,      "y1": 0,      "x2": 0,      "y2": 0
    }
  },
  "aoaCommandMode": false,  "aoaCommandMaxGs": 9,  "performance": {
    "category": "attack",