{
  "name": "B-52H Stratofortress",  "description": "",  "geometry": {
    "emptyWeight_lbs": 172740,    "area_ft2": 4000,    "internalFuel_lbs": 250000,    "maxFuel_lbs": 250000,    "aoaMax_deg": 20,    "aoaMin_deg": -5,    "betaMax_deg": 5,    "betaMin_deg": -5,    "maxGs": 2.3,    "maxRoll_deg": 60,    "minVcas_kts": 235,    "maxVcas_kts": 600,    "cornerVcas_kts": 230,    "thetaMax_rad": 0.0872664625997165,    "cgLoc_ft": 55,    "length_ft": 154,    "span_ft": 185,    "fusRadius_ft": 6.9,    "tailHt_ft": 20,    "gear": [{
        "x": 45,        "y": 0,        "z": 14.5,        "range": 100
      }, {
        "x": 94,        "y": -6,        "z": 14.5,        "range": 100
      }, {
        "x": 94,        "y": 6,        "z": 14.5,        "range": 100
      }
    ]
  },
  "aux": {
    "fuelFlowFactorNormal": 0.52,    "fuelFlowFactorAb": 0.52,    "minFuelFlow": 9441,    "normSpoolRate": 2,    "abSpoolRate": 2,    "jfsSpoolUpRate": 15,    "jfsSpoolUpLimit": 0.25,    "lightupSpoolRate": 10,    "flameoutSpoolRate": 80,    "hasLef": false,    "hasTef": true,    "tefMaxAngle": 50,    "lefMaxAngle": 20,    "tefRate": 2,    "lefRate": 5,    "tefTakeOff": 30,    "lefGround": -2,    "lefMaxMach": 0.4,    "rudderMaxAngle": 20,    "aileronMaxAngle": 20,    "airbrakeMaxAngle": 30,    "CLtefFactor": 1.6,    "CDtefFactor": 1.6,    "CDlefFactor": 0,    "CDSPDBFactor": 0.1,    "CDLDGFactor": 0.1,    "dragChuteCd": 0.1,    "area2Span": 0.0462,    "rollMomentum": 1.3,    "pitchMomentum": 1.3,    "yawMomentum": 1.3,    "pitchElasticity": 1,    "sinkRate": 15,    "gearPitchFactor": 0,    "rollGearGain": 1,    "yawGearGain": 1,    "pitchGearGain": 0.6,    "landingAOA": 2.5,    "rollCouple": -0.15,    "elevatorRolls": false,    "nEngines": 4,    "typeEngine": 0
  },
  "aero": {
    "mach": [0, 0.4, 0.6, 0.8, 0.86
    ],
    "alpha_deg": [-20, -10, -5, 0, 5, 10, 15, 20, 25, 30, 35, 40
    ],
    "clift": [-0.7056, -0.4844, -0.0991, 0.155, 0.62, 1.005, 1.3604, 1.6349, 1.8161, 2.0743, 2.1527, 2.1416, -0.7093, -0.4873, -0.1012, 0.155, 0.62, 1.004, 1.361, 1.633, 1.8114, 2.069, 2.152, 2.143, -0.7093, -0.4873, -0.1012, 0.155, 0.652, 1.0324, 1.3891, 1.6611, 1.8395, 2.0974, 2.1808, 2.1701, -0.704, -0.479, -0.0896, 0.175, 0.7619, 1.1353, 1.4996, 1.7619, 1.9286, 2.185, 2.288, 2.284, -0.679, -0.454, -0.0646, 0.2, 0.8228, 1.1962, 1.5605, 1.8228, 1.989, 2.2464, 2.34, 2.34
    ],
    "cdrag": [0.29715, 0.2223, 0.0537, 0.02355, 0.0498, 0.1209, 0.2724, 0.5373, 0.8628, 1.2897, 1.659, 2.03985, 0.28095, 0.2211, 0.08625, 0.02205, 0.0486, 0.0981, 0.2193, 0.43275, 0.69165, 1.03305, 1.32855, 1.6332, 0.28245, 0.2226, 0.08775, 0.02355, 0.05115, 0.10485, 0.22605, 0.4395, 0.6984, 1.0398, 1.3353, 1.6401, 0.2961, 0.2364, 0.0951, 0.02445, 0.0531, 0.11085, 0.2301, 0.44655, 0.7032, 1.04715, 1.33155, 1.6488, 0.30315, 0.24345, 0.10215, 0.0315, 0.0537, 0.11145, 0.2307, 0.44715, 0.7038, 1.04775, 1.33215, 1.6485
    ],
    "cy": [-0.011, -0.0109, -0.0166, -0.0182, -0.0192, -0.0187, -0.0163, -0.0176, -0.0164, -0.0158, -0.0141, -0.009, -0.011, 0.37, -0.0166, -0.0182, -0.0192, -0.0187, -0.0163, -0.0176, -0.0164, -0.0158, -0.0141, -0.009, -0.011, -0.0109, 0.57, -0.0182, -0.0192, -0.0187, -0.0163, -0.0176, -0.0164, -0.0158, -0.0141, -0.009, -0.0115, -0.0112, -0.0172, 0.69, -0.0196, -0.0196, -0.0168, -0.0178, -0.0167, -0.0161, -0.0148, -0.013, -0.012, -0.0118, -0.018, -0.0195, -0.74, -0.02, -0.0174, -0.0182, -0.0171, -0.0168, -0.0155, -0.0142
    ],
    "clFactor": 1,    "cdFactor": 0.66666,    "cyFactor": 1
  },
  "engine": {
    "thrustFactor": 1,    "fuelFlowFactor": 1,    "alt_ft": [0, 5000, 10000, 15000, 20000, 25000, 30000, 35000, 40000, 45000, 60000
    ],
    "mach": [0, 0.15, 0.31, 0.46, 0.62, 0.77, 0.93, 1
    ],
    "thrust_idle": [0, -532, -1674, -2326, -3912, -6076, -8818, -12438, 0, -440, -1400, -2000, -3600, -5300, -7200, -10200, 0, -384, -1208, -1680, -3540, -4388, -6218, -8666, 0, -320, -1020, -1400, -2900, -3600, -5200, -7000, 0, -268, -846, -1176, -2478, -3072, -4314, -5952, 0, -220, -720, -1000, -1800, -2460, -3600, -5000, 0, -188, -596, -828, -1674, -2164, -2974, -4020, 0, -160, -500, -780, -1460, -1680, -2200, -3200, 0, -128, -402, -736, -1180, -1462, -1964, -2606, 0, -60, -200, -500, -940, -1180, -1480, -2000, 0, 0, 0, 0, 0, 0, 0, 0
    ],
    "thrust_mil": [28200, 27800, 27200, 27000, 27000, 27000, 27200, 25800, 26331.8, 26466.6, 25866.6, 25666.6, 25733.34, 25866.6, 26000, 24600, 25263.58, 25533.32, 24933.32, 24733.32, 24666.66, 24933.32, 25000, 23600, 24195.38, 24600, 24200, 24000, 24000, 24200, 24400, 23000, 22271.78, 22733.32, 22266.66, 22133.32, 22200, 22266.66, 22400, 21000, 20348.2, 20666.66, 20333.32, 20266.66, 20400, 20733.32, 20800, 19000, 18424.6, 18600, 18400, 18400, 18600, 19200, 19400, 17000, 14656.14, 14833.32, 14666.66, 14700, 14866.66, 15333.32, 15800, 14200, 10887.68, 11066.66, 10933.32, 11000, 11133.32, 11466.66, 11600, 9000, 7119.22, 7300, 7200, 7300, 7400, 7600, 7800, 5800, 0, 0, 0, 0, 0, 0, 0, 0
    ],
    "thrust_ab": [28200, 27800, 27200, 27000, 27000, 27000, 27200, 25800, 26331.8, 26466.6, 25866.6, 25666.6, 25733.34, 25866.6, 26000, 24600, 25263.58, 25533.32, 24933.32, 24733.32, 24666.66, 24933.32, 25000, 23600, 24195.38, 24600, 24200, 24000, 24000, 24200, 24400, 23000, 22271.78, 22733.32, 22266.66, 22133.32, 22200, 22266.66, 22400, 21000, 20348.2, 20666.66, 20333.32, 20266.66, 20400, 20733.32, 20800, 19000, 18424.6, 18600, 18400, 18400, 18600, 19200, 19400, 17000, 14656.14, 14833.32, 14666.66, 14700, 14866.66, 15333.32, 15800, 14200, 10887.68, 11066.66, 10933.32, 11000, 11133.32, 11466.66, 11600, 9000, 7119.22, 7300, 7200, 7300, 7400, 7600, 7800, 5800, 0, 0, 0, 0, 0, 0, 0, 0
    ],
    "fuelflow_idle": [
    ],
    "fuelflow_mil": [
    ],
    "fuelflow_ab": [
    ]
  },
  "rollCmd": {
    "alpha_deg": [-10, 0, 10, 20, 30
    ],
    "qbar": [0, 100, 200, 300, 400, 500, 600
    ],
    "rollRate": [0, 30, 30, 30, 30, 30, 30, 0, 30, 60, 60, 60, 60, 60, 0, 30, 30, 30, 30, 30, 30, 0, 10, 20, 20, 20, 20, 20, 0, 10, 10, 10, 10, 10, 10
    ],
    "scale": 1
  },
  "limiters": {
    "0": {
      "type": "Line",      "x0": 0,      "y0": 0,      "x1": 250,      "y1": -3,      "x2": 100,      "y2": 0
    },
    "1": {
      "type": "ThreePoint",      "x0": 5,      "y0": 3,      "x1": 10,      "y1": 3,      "x2": 15,      "y2": 2.5
    },
    "2": {
      "type": "Line",      "x0": 0,      "y0": 0,      "x1": 15,      "y1": 1,      "x2": 29,      "y2": 0
    },
    "3": {
      "type": "Line",      "x0": 0,      "y0": 0,      "x1": 14,      "y1": 1,      "x2": 26,      "y2": 0
    },
    "4": {
      "type": "Line",      "x0": 0,      "y0": 0,      "x1": 20,      "y1": 1,      "x2": 360,      "y2": 0
    },
    "5": {
      "type": "Line",      "x0": 0,      "y0": 0,      "x1": 100,      "y1": 7,      "x2": 420,      "y2": 15
    },
    "6": {
      "type": "Value",      "x0": 0,      "y0": 0,      "x1": 15,      "y1": 0,      "x2": 0,      "y2": 0
    },
    "7": {
      "type": "Percent",      "x0": 0,      "y0": 0,      "x1": 0.6,      "y1": 0,      "x2": 0,      "y2": 0
    },
    "8": {
      "type": "Line",      "x0": 0,      "y0": 0,      "x1": 3,      "y1": 1,      "x2": 15,      "y2": 0
    },
    "9": {
      "type": "Line",      "x0": 0,      "y0": 0,      "x1": 20,      "y1": 1,      "x2": 180,      "y2": 0
    },
    "10": {
      "type": "ThreePoint",      "x0": 0,      "y0": 0.3,      "x1": 15,      "y1": 0.85,      "x2": 50,      "y2": 1
    },
    "11": {
      "type": "ThreePoint",      "x0": 0,      "y0": 0.6,      "x1": 15,      "y1": 0.85,      "x2": 50,      "y2": 2
    },
    "12": {
      "type": "Value",      "x0": 0,      "y0": 0,      "x1": 15,      "y1": 0,      "x2": 0,      "y2": 0
    },
    "13": {
      "type": "ThreePoint",      "x0": 0.01,      "y0": 0.1,      "x1": 40,      "y1": 0.8,      "x2": 60,      "y2": 1
    },
    "14": {
      "type": "Line",      "x0": 0,      "y0": 0,      "x1": 0.9,      "y1": 0.0001,      "x2": 1,