{
  "name": "C-130 Hercules",  "description": "",  "geometry": {
    "emptyWeight_lbs": 76469,    "area_ft2": 1745,    "internalFuel_lbs": 44330,    "maxFuel_lbs": 44330,    "aoaMax_deg": 20,    "aoaMin_deg": -5,    "betaMax_deg": 5,    "betaMin_deg": -5,    "maxGs": 2.3,    "maxRoll_deg": 60,    "minVcas_kts": 180,    "maxVcas_kts": 385,    "cornerVcas_kts": 250,    "thetaMax_rad": 0.10471975511966,    "cgLoc_ft": 41.1,    "length_ft": 93.738,    "span_ft": 134.53,    "fusRadius_ft": 7,    "tailHt_ft": 23.02,    "gear": [{
        "x": 10.9,        "y": 0,        "z": 8.42,        "range": 100
      }, {
        "x": 41.1,        "y": -7.7,        "z": 8.42,        "range": 200
      }, {
        "x": 41.1,        "y": 7.7,        "z": 8.42,        "range": 200
      }
    ]
  },
  "aux": {
    "fuelFlowFactorNormal": 0.507,    "fuelFlowFactorAb": 0.507,    "minFuelFlow": 1200,    "normSpoolRate": 2,    "abSpoolRate": 2,    "jfsSpoolUpRate": 15,    "jfsSpoolUpLimit": 0.25,    "lightupSpoolRate": 10,    "flameoutSpoolRate": 80,    "hasLef": false,    "hasTef": true,    "tefMaxAngle": 35,    "lefMaxAngle": 20,    "tefRate": 5,    "lefRate": 5,    "tefTakeOff": 19.4,    "lefGround": -2,    "lefMaxMach": 0.4,    "rudderMaxAngle": 40,    "aileronMaxAngle": 40,    "airbrakeMaxAngle": 60,    "CLtefFactor": 1,    "CDtefFactor": 3,    "CDlefFactor": 0,    "CDSPDBFactor": 0.08,    "CDLDGFactor": 0.04,    "dragChuteCd": 0,    "area2Span": 0.0759,    "rollMomentum": 1.3,    "pitchMomentum": 1.3,    "yawMomentum": 1.3,    "pitchElasticity": 1,    "sinkRate": 15,    "gearPitchFactor": 0,    "rollGearGain": 1,    "yawGearGain": 1,    "pitchGearGain": 1,    "landingAOA": 3.5,    "rollCouple": -0.09,    "elevatorRolls": true,    "nEngines": 4,    "typeEngine": 0
  },
  "aero": {
    "mach": [0, 0.4, 0.6, 0.8, 0.86
    ],
    "alpha_deg": [-20, -10, -5, 0, 5, 10, 15, 20, 25, 30, 35, 40
    ],
    "clift": [-0.7056, -0.4844, -0.0991, 0.155, 0.62, 1.005, 1.3604, 1.6349, 1.8161, 2.0743, 2.1527, 2.1416, -0.7093, -0.4873, -0.1012, 0.155, 0.62, 1.004, 1.361, 1.633, 1.8114, 2.069, 2.152, 2.143, -0.7093, -0.4873, -0.1012, 0.0155, 0.652, 1.0324, 1.3891, 1.6611, 1.8395, 2.0974, 2.1808, 2.1701, -0.704, -0.479, -0.0896, 0.175, 0.7619, 1.1353, 1.4996, 1.7619, 1.9286, 2.185, 2.288, 2.284, -0.679, -0.454, -0.0646, 0.2, 0.8228, 1.1962, 1.5605, 1.8228, 1.989, 2.2464, 2.34, 2.34
    ],
    "cdrag": [0.29715, 0.2223, 0.0537, 0.02355, 0.0498, 0.1209, 0.2724, 0.6873, 0.8628, 1.2897, 1.659, 2.03985, 0.28095, 0.2211, 0.08625, 0.02205, 0.0486, 0.0981, 0.2193, 0.43275, 0.69165, 1.03305, 1.32855, 1.6332, 0.28245, 0.2226, 0.08775, 0.02355, 0.05115, 0.10485, 0.22605, 0.4395, 0.6984, 1.0398, 1.3353, 1.6401, 0.2961, 0.2364, 0.0951, 0.02445, 0.0531, 0.11085, 0.2301, 0.44655, 0.7032, 1.04715, 1.33155, 1.6488, 0.30315, 0.24345, 0.10215, 0.0315, 0.0537, 0.11145, 0.2307, 0.44715, 0.7038, 1.04775, 1.33215, 1.6485
    ],
    "cy": [-0.011, -0.0109, -0.0166, -0.0182, -0.0192, -0.0187, -0.0163, -0.0176, -0.0164, -0.0158, -0.0141, -0.009, -0.011, 0.37, -0.0166, -0.0182, -0.0192, -0.0187, -0.0163, -0.0176, -0.0164, -0.0158, -0.0141, -0.009, -0.011, -0.0109, 0.57, -0.0182, -0.0192, -0.0187, -0.0163, -0.0176, -0.0164, -0.0158, -0.0141, -0.009, -0.0115, -0.0112, -0.0172, 0.69, -0.0196, -0.0196, -0.0168, -0.0178, -0.0167, -0.0161, -0.0148, -0.013, -0.012, -0.0118, -0.018, -0.0195, -0.74, -0.02, -0.0174, -0.0182, -0.0171, -0.0168, -0.0155, -0.0142
    ],
    "clFactor": 1,    "cdFactor": 0.66666,    "cyFactor": 1
  },
  "engine": {
    "thrustFactor": 1,    "fuelFlowFactor": 1,    "alt_ft": [0, 5000, 10000, 15000, 20000, 25000, 30000, 35000, 40000, 45000
    ],
    "mach": [0, 0.1, 0.2, 0.3, 0.4, 0.5, 0.6, 0.7, 0.8, 0.9
    ],
    "thrust_idle": [0, 0, 0, 0, 0, 0, 0, 0, 0, 0, 0, 0, 0, 0, 0, 0, 0, 0, 0, 0, 0, 0, 0, 0, 0, 0, 0, 0, 0, 0, 0, 0, 0, 0, 0, 0, 0, 0, 0, 0, 0, 0, 0, 0, 0, 0, 0, 0, 0, 0, 0, 0, 0, 0, 0, 0, 0, 0, 0, 0, 0, 0, 0, 0, 0, 0, 0, 0, 0, 0, 0, 0, 0, 0, 0, 0, 0, 0, 0, 0, 0, 0, 0, 0, 0, 0, 0, 0, 0, 0, 0, 0, 0, 0, 0, 0, 0, 0, 0, 0
    ],
    "thrust_mil": [18003.3, 18003.3, 10696.8, 6897.38, 5494.52, 4793.1, 4150.12, 3974.76, 3507.14, 3390.24, 14788.5, 14788.5, 8183.33, 5903.69, 4910, 4383.93, 3974.76, 3624.05, 3448.69, 3331.79, 12216.5, 12216.5, 6605.12, 4793.1, 4091.67, 3624.05, 3565.6, 3448.69, 3097.98, 2922.62, 9936.9, 9936.9, 5377.62, 4033.21, 3390.24, 3039.52, 2922.62, 2864.17, 2864.17, 2805.71, 8124.88, 8124.88, 4267.02, 3156.43, 2864.17, 2571.9, 2455, 2338.1, 2338.1, 2396.55, 6488.21, 6488.21, 3565.6, 2630.36, 2221.19, 2045.83, 1987.38, 1870.48, 1870.48, 1870.48, 5202.26, 5202.26, 2922.62, 2045.83, 1695.12, 1636.67, 1578.21, 1519.76, 1519.76, 1519.76, 3916.31, 3916.31, 2279.64, 1461.31, 1169.05, 1227.5, 1169.05, 1169.05, 1169.05, 1169.05, 2630.36, 2630.36, 1636.67, 876.786, 642.976, 818.333, 759.881, 818.333, 818.333, 818.333, 1344.4, 1344.4, 993.69, 292.262, 116.905, 409.167, 350.714, 467.619, 467.619, 467.619
    ],
    "thrust_ab": [18003.3, 18003.3, 10696.8, 6897.38, 5494.52, 4793.1, 4150.12, 3974.76, 3507.14, 3390.24, 14788.5, 14788.5, 8183.33, 5903.69, 4910, 4383.93, 3974.76, 3624.05, 3448.69, 3331.79, 12216.5, 12216.5, 6605.12, 4793.1, 4091.67, 3624.05, 3565.6, 3448.69, 3097.98, 2922.62, 9936.9, 9936.9, 5377.62, 4033.21, 3390.24, 3039.52, 2922.62, 2864.17, 2864.17, 2805.71, 8124.88, 8124.88, 4267.02, 3156.43, 2864.17, 2571.9, 2455, 2338.1, 2338.1, 2396.55, 6488.21, 6488.21, 3565.6, 2630.36, 2221.19, 2045.83, 1987.38, 1870.48, 1870.48, 1870.48, 5202.26, 5202.26, 2922.62, 2045.83, 1695.12, 1636.67, 1578.21, 1519.76, 1519.76, 1519.76, 3916.31, 3916.31, 2279.64, 1461.31, 1169.05, 1227.5, 1169.05, 1169.05, 1169.05, 1169.05, 2630.36, 2630.36, 1636.67, 876.786, 642.976, 818.333, 759.881, 818.333, 818.333, 818.333, 1344.4, 1344.4, 993.69, 292.262, 116.905, 409.167, 350.714, 467.619, 467.619, 467.619
    ],
    "fuelflow_idle": [
    ],
    "fuelflow_mil": [
    ],
    "fuelflow_ab": [
    ]
  },
  "rollCmd": {
    "alpha_deg": [-10, 0, 10, 20, 30
    ],
    "qbar": [0, 100, 200, 300, 400, 500, 600
    ],
    "rollRate": [0, 30, 30, 30, 30, 30, 30, 0, 30, 60, 60, 60, 60, 60, 0, 30, 30, 30, 30, 30, 30, 0, 10, 20, 20, 20, 20, 20, 0, 10, 10, 10, 10, 10, 10
    ],
    "scale": 1
  },
  "limiters": {
    "0": {
      "type": "Line",      "x0": 0,      "y0": 0,      "x1": 250,      "y1": -3,      "x2": 100,      "y2": 0
    },
    "1": {
      "type": "ThreePoint",      "x0": 15,      "y0": 9,      "x1": 20.4,      "y1": 7.3,      "x2": 25,      "y2": 1
    },
    "2": {
      "type": "Line",      "x0": 0,      "y0": 0,      "x1": 15,      "y1": 1,      "x2": 29,      "y2": 0
    },
    "3": {
      "type": "Line",      "x0": 0,      "y0": 0,      "x1": 14,      "y1": 1,      "x2": 26,      "y2": 0
    },
    "4": {
      "type": "Line",      "x0": 0,      "y0": 0,      "x1": 20,      "y1": 1,      "x2": 360,      "y2": 0
    },
    "5": {
      "type": "Line",      "x0": 0,      "y0": 0,      "x1": 100,      "y1": 7,      "x2": 420,      "y2": 15
    },
    "6": {
      "type": "Value",      "x0": 0,      "y0": 0,      "x1": 17,      "y1": 0,      "x2": 0,      "y2": 0
    },
    "7": {
      "type": "Percent",      "x0": 0,      "y0": 0,      "x1": 0.6,      "y1": 0,      "x2": 0,      "y2": 0
    },
    "8": {
      "type": "Line",      "x0": 0,      "y0": 0,      "x1": 3,      "y1": 1,      "x2": 15,      "y2": 0
    },
    "9": {
      "type": "Line",      "x0": 0,      "y0": 0,      "x1": 20,      "y1": 1,      "x2": 180,      "y2": 0
    },
    "10": {
      "type": "ThreePoint",      "x0": 0,      "y0": 0.5,      "x1": 15,      "y1": 1,      "x2": 50,      "y2": 2
    },
    "11": {
      "type": "ThreePoint",      "x0": 0,      "y0": 0.6,      "x1": 15,      "y1": 0.85,      "x2": 50,      "y2": 1
    },
    "12": {
      "type": "Value",      "x0": 0,      "y0": 0,      "x1": 15,      "y1": 0,      "x2": 0,      "y2": 0
    },
    "13": {
      "type": "ThreePoint",      "x0": 0.01,