{
  "name": "EF2000 Typhoon",  "description": "",  "geometry": {
    "emptyWeight_lbs": 24239,    "area_ft2": 538,    "internalFuel_lbs": 8818,    "maxFuel_lbs": 8818,    "aoaMax_deg": 34,    "aoaMin_deg": -15,    "betaMax_deg": 15,    "betaMin_deg": -15,    "maxGs": 9,    "maxRoll_deg": 190,    "minVcas_kts": 245,    "maxVcas_kts": 900,    "cornerVcas_kts": 400,    "thetaMax_rad": 0.191986217719376,    "cgLoc_ft": 29,    "length_ft": 49,    "span_ft": 35,    "fusRadius_ft": 3,    "tailHt_ft": 5,    "gear": [{
        "x": 18,        "y": 0,        "z": 6.5,        "range": 100
      }, {
        "x": 30.9,        "y": -5.5,        "z": 6.1,        "range": 80
      }, {
        "x": 30.9,        "y": 5.5,        "z": 6.1,        "range": 80
      }
    ]
  },
  "aux": {
    "fuelFlowFactorNormal": 0.785,    "fuelFlowFactorAb": 1.667,    "minFuelFlow": 1152,    "normSpoolRate": 0.8,    "abSpoolRate": 0.8,    "jfsSpoolUpRate": 15,    "jfsSpoolUpLimit": 0.25,    "lightupSpoolRate": 10,    "flameoutSpoolRate": 80,    "hasLef": true,    "hasTef": true,    "tefMaxAngle": 20,    "lefMaxAngle": 30,    "tefRate": 5,    "lefRate": 5,    "tefTakeOff": 20,    "lefGround": 30,    "lefMaxMach": 0.4,    "rudderMaxAngle": 20,    "aileronMaxAngle": 20,    "airbrakeMaxAngle": 45,    "CLtefFactor": 0.1,    "CDtefFactor": 0.1,    "CDlefFactor": 0,    "CDSPDBFactor": 0.08,    "CDLDGFactor": 0.03,    "dragChuteCd": 0.1,    "area2Span": 0.065,    "rollMomentum": 0.8,    "pitchMomentum": 1,    "yawMomentum": 1,    "pitchElasticity": 0.2,    "sinkRate": 23,    "gearPitchFactor": 0,    "rollGearGain": 0.6,    "yawGearGain": 0.6,    "pitchGearGain": 0.8,    "landingAOA": 12,    "rollCouple": -0.02,    "elevatorRolls": true,    "nEngines": 2,    "typeEngine": 0
  },
  "aero": {
    "mach": [0, 0.1, 0.85, 1.2, 1.7, 2.2
    ],
    "alpha_deg": [-8, -4, 0, 4, 8, 12, 16, 20, 24, 28, 32, 36, 40
    ],
    "clift": [-0.51, -0.23, 0.01, 0.23, 0.51, 0.79, 1.07, 1.28, 1.41, 1.5, 1.5, 1.5, 1.5, -0.51, -0.23, 0.01, 0.23, 0.51, 0.79, 1.07, 1.28, 1.41, 1.5, 1.5, 1.5, 1.5, -0.61, -0.34, 0.07, 0.34, 0.61, 0.88, 1.08, 1.28, 1.42, 1.56, 1.56, 1.56, 1.56, -0.73, -0.4, 0.07, 0.4, 0.73, 1.01, 1.23, 1.4, 1.4, 1.4, 1.4, 1.4, 1.4, -0.43, -0.26, 0.07, 0.26, 0.43, 0.6, 0.79, 0.79, 0.79, 0.79, 0.79, 0.79, 0.79, -0.43, -0.26, 0.07, 0.26, 0.43, 0.6, 0.79, 0.79, 0.79, 0.79, 0.79, 0.79, 0.79
    ],
    "cdrag": [0.081, 0.04125, 0.03105, 0.04125, 0.081, 0.15075, 0.25065, 0.34545, 0.4125, 0.46275, 0.4900005, 0.51, 0.5200005, 0.081, 0.04125, 0.03105, 0.04125, 0.081, 0.15075, 0.25065, 0.34545, 0.4125, 0.46275, 0.4900005, 0.51, 0.5200005, 0.10245, 0.05325, 0.03195, 0.05325, 0.10245, 0.17955, 0.25485, 0.34545, 0.4179, 0.498, 0.57, 0.6499995, 0.69, 0.21255, 0.1134, 0.07215, 0.1134, 0.21255, 0.34215, 0.4731, 0.59205, 0.59205, 0.59205, 0.59205, 0.59205, 0.59205, 0.1788, 0.10425, 0.06435, 0.10425, 0.1788, 0.2901, 0.4581, 0.4581, 0.4581, 0.4581, 0.4581, 0.4581, 0.4581, 0.1788, 0.10425, 0.06435, 0.10425, 0.1788, 0.2901, 0.4581, 0.4581, 0.4581, 0.4581, 0.4581, 0.4581, 0.4581
    ],
    "cy": [-0.0109, -0.0166, -0.0182, -0.01827, -0.0192, -0.0187, -0.0163, -0.0176, -0.0164, -0.0158, -0.0158, -0.0158, -0.0158, -0.0109, -0.0146, -0.0142, -0.0147, -0.0148, -0.015, -0.0144, -0.011, -0.0108, -0.012, -0.012, -0.012, -0.012, -0.0109, -0.0146, -0.0142, -0.0147, -0.0148, -0.015, -0.0144, -0.011, -0.0108, -0.012, -0.012, -0.012, -0.012, -0.0109, -0.0146, -0.0142, -0.0147, -0.0148, -0.015, -0.0144, -0.011, -0.0108, -0.012, -0.012, -0.012, -0.012, -0.0122, -0.021, -0.028, -0.02804, -0.0286, -0.03, -0.025, -0.0267, -0.0223, -0.0215, -0.0215, -0.0215, -0.0215, -0.0122, -0.021, -0.028, -0.02804, -0.0286, -0.03, -0.025, -0.0267, -0.0223, -0.0215, -0.0215, -0.0215, -0.0215
    ],
    "clFactor": 1,    "cdFactor": 0.66666,    "cyFactor": 1
  },
  "engine": {
    "thrustFactor": 1,    "fuelFlowFactor": 1,    "alt_ft": [0, 10000, 20000, 30000, 36000, 40000, 50000, 60000, 70000, 100000
    ],
    "mach": [0, 0.2, 0.4, 0.6, 0.8, 1, 1.2, 1.4, 1.6, 1.8, 2, 2.5
    ],
    "thrust_idle": [0, -800, -1700, -2200, -3300, -4000, -4900, -5900, -6700, -7700, -8600, -10800, 0, -400, -1100, -1650, -2250, -2800, -3450, -4050, -4600, -5100, -5750, -7400, 0, -370, -740, -1100, -1480, -1850, -2230, -2550, -2900, -3330, -3700, -4625, 0, -230, -450, -690, -920, -1150, -1380, -1600, -1850, -2075, -2300, -2880, 0, -160, -340, -500, -675, -850, -1000, -1190, -1360, -1520, -1700, -2125, 0, -140, -275, -415, -550, -690, -835, -975, -1115, -1250, -1390, -1740, 0, -95, -155, -237, -316, -405, -477, -560, -640, -720, -801, -889, 0, -87, -140, -215, -287, -368, -433, -509, -581, -654, -728, -807, 0, -33, -53, -82, -109, -140, -165, -194, -222, -250, -278, -308, 0, 0, 0, 0, 0, 0, 0, 0, 0, 0, 0, 0
    ],
    "thrust_mil": [12690, 12127, 12377, 12690, 12627, 12542, 12787, 13154, 12236, 10585, 8566, 7893, 14000, 13400, 13600, 14900, 17000, 17500, 17700, 18000, 12566, 11502, 9906, 7912, 9300, 8900, 9100, 9900, 12000, 14500, 14800, 15100, 10571, 10903, 9906, 8577, 6000, 5800, 5900, 6500, 7700, 9900, 12000, 12500, 8577, 8909, 9308, 8577, 4600, 4400, 4500, 4900, 5600, 7000, 8500, 11000, 7446, 7779, 7978, 8244, 3800, 3600, 3800, 4000, 4500, 5500, 7500, 8500, 6117, 6449, 6781, 6715, 2500, 2400, 2400, 2500, 3000, 3500, 4600, 3590, 3657, 3856, 3989, 4853, 750, 747, 747, 815, 1155, 1346, 2194, 2726, 2792, 2992, 3125, 3989, -63, -136, -136, -68, 272, 551, 1330, 1862, 1928, 2128, 2260, 3125, 0, 0, 0, 0, 0, 0, 0, 0, 0, 0, 0, 0
    ],
    "thrust_ab": [19035, 19276, 21926, 23215, 26950, 27242, 27657, 27138, 27967, 27269, 27269, 27269, 15059, 15300, 17830, 18433, 21685, 24526, 29419, 31718, 31194, 31911, 31911, 31911, 10240, 10361, 12047, 14336, 16866, 18630, 23229, 26648, 29478, 31247, 31247, 31247, 6265, 6385, 8192, 9397, 11807, 13796, 17569, 20399, 23582, 24294, 24294, 20294, 5542, 5602, 6024, 6385, 9036, 11084, 14149, 17569, 20517, 21464, 19464, 19464, 3614, 3674, 5060, 5903, 6506, 8490, 11437, 14031, 16508, 17866, 16300, 14000, 2409, 2470, 3012, 3253, 3735, 5660, 7349, 8254, 9433, 10555, 9000, 9000, 1015, 1176, 1323, 1396, 1984, 2236, 3739, 4890, 5322, 5185, 5048, 5342, -508, -588, -441, -367, 220, 745, 2014, 2014, 2014, 2014, 2014, 2014, 0, 0, 0, 0, 0, 0, 0, 0, 0, 0, 0, 0
    ],
    "fuelflow_idle": [
    ],
    "fuelflow_mil": [
    ],
    "fuelflow_ab": [
    ]
  },
  "rollCmd": {
    "alpha_deg": [6.1, 80, 29, 49, 35
    ],
    "qbar": [5, 6, 0
    ],
    "rollRate": [0.85, 1.2, 1.7, 2.2, 13, -8, -4, 0, 4, 8, 12, 16, 20, 24, 28
    ],
    "scale": 0.1
  },
  "limiters": {
    "0": {
      "type": "Line",      "x0": 0,      "y0": 0,      "x1": 250,      "y1": -3,      "x2": 100,      "y2": 0
    },
    "1": {
      "type": "ThreePoint",      "x0": 20,      "y0": 9,      "x1": 32,      "y1": 7.3,      "x2": 36,      "y2": 1
    },
    "2": {
      "type": "Line",      "x0": 0,      "y0": 0,      "x1": 15,      "y1": 1,      "x2": 29,      "y2": 1
    },
    "3": {
      "type": "Line",      "x0": 0,      "y0": 0,      "x1": 14,      "y1": 1,      "x2": 26,      "y2": 0
    },
    "4": {
      "type": "Line",      "x0": 0,      "y0": 0,      "x1": 20,      "y1": 1,      "x2": 360,      "y2": 0
    },
    "5": {
      "type": "Line",      "x0": 0,      "y0": 0,      "x1": 100,      "y1": 7,      "x2": 420,      "y2": 15
    },
    "6": {
      "type": "Value",      "x0": 0,      "y0": 0,      "x1": 17,      "y1": 0,      "x2": 0,      "y2": 0
    },
    "7": {
      "type": "Percent",      "x0": 0,      "y0": 0,      "x1": 0.6,      "y1": 0,      "x2": 0,      "y2": 0
    },
    "8": {
      "type": "Line",      "x0": 0,      "y0": 0,      "x1": 3,      "y1": 1,      "x2": 15,      "y2": 0
    },
    "9": {
      "type": "Line",      "x0": 0,      "y0": 0,      "x1": 20,      "y1": 1,      "x2": 180,      "y2": 0
    },
    "10": {
      "type": "ThreePoint",      "x0": 0,      "y0": 0.3,      "x1": 15,      "y1": 0.85,      "x2": 50,      "y2": 1
    },