{
  "name": "F-14B Tomcat (F110-GE-400)",  "description": "",  "geometry": {
    "emptyWeight_lbs": 41780,    "area_ft2": 565,    "internalFuel_lbs": 16200,    "maxFuel_lbs": 16200,    "aoaMax_deg": 40,    "aoaMin_deg": -10,    "betaMax_deg": 20,    "betaMin_deg": -20,    "maxGs": 8,    "maxRoll_deg": 190,    "minVcas_kts": 250,    "maxVcas_kts": 1200,    "cornerVcas_kts": 420,    "thetaMax_rad": 0.200712863979348,    "cgLoc_ft": 33.7,    "length_ft": 61,    "span_ft": 64,    "fusRadius_ft": 3,    "tailHt_ft": 9.5,    "gear": [{
        "x": 16.9,        "y": 0,        "z": 7.1,        "range": 90
      }, {
        "x": 40.2,        "y": -8.3,        "z": 6.9,        "range": 90
      }, {
        "x": 40.2,        "y": 8.3,        "z": 6.9,        "range": 90
      }
    ]
  },
  "aux": {
    "fuelFlowFactorNormal": 0.745,    "fuelFlowFactorAb": 2,    "minFuelFlow": 1960,    "normSpoolRate": 1.1,    "abSpoolRate": 1.1,    "jfsSpoolUpRate": 15,    "jfsSpoolUpLimit": 0.25,    "lightupSpoolRate": 10,    "flameoutSpoolRate": 80,    "hasLef": true,    "hasTef": true,    "tefMaxAngle": 35,    "lefMaxAngle": 17,    "tefRate": 5,    "lefRate": 5,    "tefTakeOff": 10,    "lefGround": 7,    "lefMaxMach": 0.4,    "rudderMaxAngle": 20,    "aileronMaxAngle": 20,    "airbrakeMaxAngle": 60,    "CLtefFactor": 0.2,    "CDtefFactor": 0.4,    "CDlefFactor": 0,    "CDSPDBFactor": 0.03,    "CDLDGFactor": 0.03,    "dragChuteCd": 0,    "area2Span": 0.1132,    "rollMomentum": 1.5,    "pitchMomentum": 1.2,    "yawMomentum": 1.2,    "pitchElasticity": 1,    "sinkRate": 25,    "gearPitchFactor": 0,    "rollGearGain": 1,    "yawGearGain": 1,    "pitchGearGain": 1,    "landingAOA": 12.5,    "rollCouple": -0.05,    "elevatorRolls": true,    "nEngines": 2,    "typeEngine": 9
  },
  "aero": {
    "mach": [0, 0.4, 0.7, 0.8, 0.9, 1.1, 1.3, 2, 2.5
    ],
    "alpha_deg": [-20, -10, -5, 0, 5, 10, 15, 20, 25, 30, 35, 40
    ],
    "clift": [-0.9466, -0.7254, -0.3401, -0.086, 0.457, 1, 1.3548, 1.6293, 1.8105, 2.0687, 2.1471, 2.136, -0.9466, -0.7254, -0.3401, -0.086, 0.457, 1, 1.3548, 1.6293, 1.8105, 2.0687, 2.1471, 2.136, -0.9466, -0.7254, -0.3401, -0.086, 0.357, 0.89, 1.1548, 1.4293, 1.6105, 1.87, 2.1471, 2.136, -0.96494, -0.73994, -0.35054, -0.08594, 0.338, 0.86, 0.9, 1.25246, 1.41916, 1.67606, 1.77936, 1.77546, -1.22249, -0.97689, -0.59589, -0.061249, 0.36291, 0.85, 0.966667, 1.16566, 1.33176, 1.58736, 1.69286, 1.69726, -1.0902, -0.8363, -0.4491, -0.06778, 0.352, 0.85, 0.8698, 1.0519, 1.1963, 1.4571, 1.5554, 1.5683, -0.9946, -0.7734, -0.3881, -0.0634, 0.35, 0.842, 0.93122, 1.10572, 1.28692, 1.54512, 1.62352, 1.61242, -0.92768, -0.70648, -0.32118, -0.06708, 0.2, 0.432861, 0.787661, 1.06216, 1.24336, 1.50156, 1.57996, 1.56886, -0.936659, -0.657659, -0.280359, -0.059959, 0.2, 0.435088, 0.818688, 1.08889, 1.26899, 1.52939, 1.60909, 1.61889
    ],
    "cdrag": [0.284703, 0.209811, 0.058515, 0.04137, 0.05355, 0.1275, 0.18165, 0.36783, 0.5572815, 1.28412, 1.65348, 2.034345, 0.284703, 0.209811, 0.058515, 0.04137, 0.05355, 0.1275, 0.18165, 0.381783, 0.5572815, 1.28412, 1.65348, 2.034345, 0.360438, 0.285546, 0.117039, 0.042696, 0.055485, 0.129, 0.1515615, 0.37164, 0.5919285, 1.31877, 1.68813, 2.068995, 0.3131175, 0.2533935, 0.1121415, 0.044397, 0.036, 0.123, 0.2325, 0.3439995, 0.7506705, 1.0945605, 1.3789605, 1.696305, 0.311967, 0.243, 0.1111095, 0.0475035, 0.040887, 0.1305, 0.2528475, 0.4782345, 0.729336, 1.0797405, 1.4853705, 1.665135, 0.400308, 0.2482725, 0.1451775, 0.0509205, 0.0495, 0.1593, 0.2295915, 0.4568745, 0.715086, 1.0628805, 1.0421805, 2.092395, 0.3898425, 0.3149505, 0.1464435, 0.0661005, 0.06, 0.1827195, 0.298989, 0.7138575, 0.889356, 1.31619, 1.68555, 2.066415, 0.389631, 0.314739, 0.1462305, 0.065889, 0.06, 0.1983435, 0.2803815, 0.69525, 0.8707485, 1.29759, 1.66695, 2.047815, 0.3959805, 0.2414565, 0.1417995, 0.029223, 0.06, 0.1840785, 0.206724, 0.446094, 0.7057275, 1.0505595, 1.35333, 1.573035
    ],
    "cy": [-0.011, -0.0109, -0.0166, -0.0182, -0.0192, -0.0187, -0.0163, -0.0176, -0.0164, -0.0158, -0.0141, -0.009, -0.011, -0.0109, -0.0166, -0.0182, -0.0192, -0.0187, -0.0163, -0.0176, -0.0164, -0.0158, -0.0141, -0.009, -0.011, -0.0109, -0.0166, -0.0182, -0.0192, -0.0187, -0.0163, -0.0176, -0.0164, -0.0158, -0.0141, -0.009, -0.012, -0.0118, -0.018, -0.0195, -0.0197, -0.02, -0.0174, -0.0182, -0.0171, -0.0168, -0.0155, -0.0142, -0.016, -0.0122, -0.021, -0.028, -0.0286, -0.03, -0.025, -0.0267, -0.0223, -0.0215, -0.0187, -0.0172, -0.017, -0.0172, -0.027, -0.033, -0.035, -0.0333, -0.0321, -0.0288, -0.0254, -0.0231, -0.0207, -0.0188, -0.0172, -0.0173, -0.0272, -0.0335, -0.0355, -0.0338, -0.0326, -0.0292, -0.026, -0.024, -0.021, -0.02, -0.0172, -0.0173, -0.0272, -0.0335, -0.0355, -0.0338, -0.0326, -0.0292, -0.026, -0.024, -0.021, -0.02, -0.0161, -0.0162, -0.0194, -0.0194, -0.0215, -0.0216, -0.0214, -0.0215, -0.0205, -0.0179, -0.0153, -0.0105
    ],
    "clFactor": 1,    "cdFactor": 0.66666,    "cyFactor": 0.6
  },
  "engine": {
    "thrustFactor": 1,    "fuelFlowFactor": 1,    "alt_ft": [0, 10000, 20000, 30000, 36000, 40000, 50000, 65000
    ],
    "mach": [0, 0.2, 0.4, 0.6, 0.8, 1, 1.2, 1.4, 1.6, 1.8, 2, 2.5
    ],
    "thrust_idle": [0, -800, -1700, -2200, -3300, -4000, -4900, -5900, -6700, -7700, -8600, -10800, 0, -400, -1100, -1650, -2250, -2800, -3450, -4050, -4600, -5100, -5750, -7400, 0, -370, -740, -1100, -1480, -1850, -2230, -2550, -2900, -3330, -3700, -4625, 0, -230, -450, -690, -920, -1150, -1380, -1600, -1850, -2075, -2300, -2880, 0, -160, -340, -500, -675, -850, -1000, -1190, -1360, -1520, -1700, -2125, 0, -140, -275, -415, -550, -690, -835, -975, -1115, -1250, -1390, -1740, 0, -80, -170, -255, -345, -430, -515, -600, -690, -775, -860, -1075, 0, -40, -85, -125, -165, -210, -250, -290, -335, -375, -420, -525
    ],
    "thrust_mil": [15792, 14607.6, 15160.3, 16186.8, 16976.4, 12000, 10000, 10000, 10000, 10000, 10000, 10000, 11765, 10659.6, 10501.7, 11844, 12400, 9200, 8000, 8000, 8000, 8000, 8000, 8000, 7896, 6869.52, 6316.8, 7896, 9080.4, 6000, 4000, 4000, 4000, 4000, 4000, 4000, 5527.2, 5132.4, 4737.6, 4974.48, 5922, 4000, 2000, 2000, 2000, 2000, 2000, 2000, 3948, 3908.52, 3829.56, 3948, 4342.8, 3300, 2000, 2000, 2000, 2000, 2000, 2000, 3158.4, 3079.44, 2763.6, 3000.48, 3869.04, 3000, 1500, 1500, 1500, 1500, 1500, 1500, 1974, 1895.04, 1871.35, 1981.9, 2368.8, 1500, 1000, 1000, 1000, 1000, 1000, 1000, 0, 0, 0, 0, 0, 0, 0, 0, 0, 0, 0, 0
    ],
    "thrust_ab": [24515.2, 23943.2, 24842.1, 25386.1, 25866.7, 26166.7, 24900, 24000, 24000, 24000, 24000, 24000, 17487.5, 17160.6, 17814.4, 19312.2, 22272.3, 23193.8, 23193, 23193, 23193, 23193, 23193, 23193, 12257.6, 12094.2, 12339.3, 14055.4, 15853.2, 18795, 20154.6, 20154, 20154, 20154, 20154, 20154, 8253.45, 8090.02, 8416.89, 9315.78, 10623.3, 12796.6, 15355.9, 17595.3, 19034.9, 19034, 19034, 19034, 6373.95, 6210.52, 6537.39, 6945.97, 8171.73, 9757.4, 11996.8, 15195.9, 16075.7, 17595.3, 17594, 16000, 5229.91, 5148.19, 5393.34, 5720.21, 6700.82, 8077.85, 9997.33, 12156.8, 13116.5, 14396.2, 14396, 13800, 3268.69, 3268.69, 3432.13, 3513.85, 4167.58, 4798.72, 6078.38, 7358.04, 7837.91, 8797.65, 8797, 8000, 0, 0, 0, 0, 0, 0, 0, 0, 0, 0, 0, 0
    ],
    "fuelflow_idle": [
    ],
    "fuelflow_mil": [
    ],
    "fuelflow_ab": [
    ]
  },
  "rollCmd": {
    "alpha_deg": [3, 16.9, 0, 7.1, 90, 40.2, -8.3, 6.9, 90, 40.2, 8.3
    ],
    "qbar": [90, 33.7, 61, 64, 3, 9.5
    ],
    "rollRate": [0, 0.4, 0.7, 0.8, 0.9, 1.1, 1.3, 2, 2.5, 12, -20, -10, -5, 0, 5, 10, 15, 20, 25, 30, 35, 40, 1, -0.9466, -0.7254, -0.3401, -0.086, 0.457, 1, 1.3548, 1.6293, 1.8105, 2.0687, 2.1471, 2.136, -0.9466, -0.7254, -0.3401, -0.086, 0.457, 1, 1.3548, 1.6293, 1.8105, 2.0687, 2.1471, 2.136, -0.9466, -0.7254, -0.3401, -0.086, 0.357, 0.89, 1.1548, 1.4293, 1.6105, 1.87, 2.1471, 2.136, -0.96494, -0.73994, -0.35054, -0.08594, 0.338, 0.86, 0.9
    ],
    "scale": 9
  },
  "limiters": {
    "0": {
      "type": "Line",      "x0": 0,      "y0": 0,      "x1": 250,